Longitude,Latitude,Title,ScientificName,TreeID
151.003945,-33.953941,"147 Weston Street, Panania",Syzygium luehmannii,HEV-ERR-RU1-MVB
151.003867,-33.953953,"147 Weston Street, Panania",Syzygium sp.,53D-BZC-GDH-T68
151.003062,-33.954042,"157 Weston Street, Panania",Eleaocarpus reticulatus,MJS-EOR-OZR-AQC
151.0032,-33.954025,"155 Weston Street, Panania",Tristaniopsis laurina,NSB-2BP-V9G-61H
151.003365,-33.954005,"153 Weston Street, Panania",Eleaocarpus reticulatus,25M-4U9-4UM-UTT
151.003553,-33.95399,"151 Weston Street, Panania",Callistemon viminalis,RQ7-A5S-XBM-8S7
151.004051,-33.953923,"145A Weston Street, Panania",Tristaniopsis laurina 'Luscious',XK6-FF6-886-NRS
151.004158,-33.953909,"145 Weston Street, Panania",Eleaocarpus reticulatus,UQT-FKA-DGF-4M4
151.004355,-33.953882,"143 Weston Street, Panania",Eleaocarpus reticulatus,QTU-7DZ-RGH-RBS
151.004451,-33.953889,"141 Weston Street, Panania",Callistemon viminalis,SJ2-RAC-EO1-NM7
151.004682,-33.953913,"139 Weston Street, Panania",Eleaocarpus reticulatus,YOH-TK7-BF5-CU7
151.004817,-33.953926,"137 Weston Street, Panania",Tristaniopsis laurina,CVM-KPE-TMR-TDB
151.004877,-33.95394,"137 Weston Street, Panania",Nerium oleander,USJ-UWN-BSB-5ZD
151.004939,-33.953941,"135 Weston Street, Panania",Lophostemon confertus,XO4-NON-Y8M-6R2
151.005094,-33.954063,"135 Weston Street, Panania",Lophostemon confertus,M9Y-R4D-DQA-9FO
150.996972,-33.961688,"5 Henderson Avenue, Panania",Tristaniopsis laurina 'Luscious',J1G-VP8-NYE-HR5
150.996959,-33.961754,"5 Henderson Avenue, Panania",Tristaniopsis laurina 'Luscious',8B1-GH2-M8M-39S
150.996945,-33.961832,"5 Henderson Avenue, Panania",Tristaniopsis laurina 'Luscious',K2B-ZFP-CSR-PXP
150.996928,-33.961985,"83 Ardath Avenue, Panania",Tristaniopsis laurina,8DP-E16-1HU-W44
150.996831,-33.961707,"7 Henderson Avenue, Panania",Olea africana,RJR-CZ4-43K-9KX
150.996789,-33.961934,"72 Ardath Avenue, Panania",Backhousia citriodora,31R-WHU-A9R-DWJ
150.9969,-33.962075,"85 Ardath Avenue, Panania",Eucalyptus tereticornis,SA6-8AO-AA4-RTR
150.996773,-33.96209,"74 Ardath Avenue, Panania",Backhousia citriodora,MCZ-F53-9MG-6OV
150.996739,-33.962271,"78 Ardath Avenue, Panania",Backhousia citriodora,AZW-GAO-U4V-871
150.996876,-33.962172,"87 Ardath Avenue, Panania",Corymbia maculata,O9X-DAO-OJF-V7S
150.996706,-33.962396,"80 Ardath Avenue, Panania",Callistemon viminalis,PTS-GX6-NT4-9SK
150.996864,-33.962317,"89 Ardath Avenue, Panania",Callistemon viminalis,5O5-3ZJ-GDP-18R
150.996674,-33.962502,"82 Ardath Avenue, Panania",Backhousia citriodora,1HA-G9H-VQ7-GKF
150.996659,-33.962651,"84 Ardath Avenue, Panania",Eucalyptus sp.,4M1-WAH-4RT-1XQ
150.996647,-33.962801,"86 Ardath Avenue, Panania",Ceratopetalum gummiferum,C5Q-4XJ-1OA-KB2
150.996825,-33.962547,"93 Ardath Avenue, Panania",Callistemon viminalis,23H-X6D-5VS-HC5
150.996626,-33.962877,"88 Ardath Avenue, Panania",Ceratopetalum gummiferum,9TR-4XY-51N-7Y1
150.996588,-33.963021,"90 Ardath Avenue, Panania",Backhousia citriodora,5C6-EBQ-Y9O-PEH
150.996799,-33.962689,"95 Ardath Avenue, Panania",Eucalyptus scoparia,CK7-NGE-GH7-NG9
150.996773,-33.962823,"97 Ardath Avenue, Panania",Callistemon viminalis,FKV-XO5-W2G-CPV
150.99677,-33.962882,"99 Ardath Avenue, Panania",Robinia pseudoacacia,FPX-XGM-8K5-VCK
150.996566,-33.963121,"92 Ardath Avenue, Panania",Eucalyptus tereticornis,YUP-CTX-JY4-Q3W
150.996758,-33.962935,"99 Ardath Avenue, Panania",Robinia pseudoacacia,V6U-AQE-86N-MGN
150.996762,-33.962908,"99 Ardath Avenue, Panania",Prunus sp.,O35-4SW-KD8-EOX
150.996554,-33.963245,"94 Ardath Avenue, Panania",Eucalyptus ficifolia (grafted stock),EN2-3AT-73C-YOG
150.996744,-33.962987,"101 Ardath Avenue, Panania",Fraxinus 'Griffithii',26W-SP8-4QT-BAD
150.996487,-33.963378,"96 Ardath Avenue, Panania",Backhousia citriodora,OH3-4RD-XM9-7XR
150.996706,-33.963154,"103 Ardath Avenue, Panania",Eucalyptus ficifolia (grafted stock),D9S-MZV-SKX-39K
150.996597,-33.963478,"109 Ardath Avenue, Panania",Callistemon viminalis,5VV-CDS-PRH-73X
150.996668,-33.96329,"105 Ardath Avenue, Panania",Callistemon viminalis,RHY-QBJ-K3S-CWH
150.996681,-33.963415,"107 Ardath Avenue, Panania",Lagerstroemia indica cv.,SPK-DU1-SEK-GRM
150.99784,-33.961648,"82 Lambeth Street, Panania",Tristaniopsis laurina,6TU-CCC-9NS-QPQ
150.997983,-33.961436,"80 Lambeth Street, Panania",Fraxinus 'Griffithii',769-UJ3-G7A-8N1
150.997744,-33.961648,"82 Lambeth Street, Panania",Lophostemon confertus,UOJ-FVV-CZY-2ME
150.997571,-33.961633,"82 Lambeth Street, Panania",Lophostemon confertus,3GK-O7H-439-2OM
150.997852,-33.961552,"80 Lambeth Street, Panania",Callistemon viminalis,BUC-YE3-KGF-JAS
150.997366,-33.961617,"1 Henderson Avenue, Panania",Lophostemon confertus,JHO-FAT-BAH-6JM
150.997791,-33.961545,"80 Lambeth Street, Panania",Callistemon viminalis,U4P-KUG-RQ5-761
150.997232,-33.961584,"3 Henderson Avenue, Panania",Lophostemon confertus,7HW-MF5-3R7-G6G
150.99773,-33.961542,"80 Lambeth Street, Panania",Callistemon viminalis,WX9-MMW-MKK-N1P
150.997083,-33.961582,"5 Henderson Avenue, Panania",Tristaniopsis laurina,44V-HFB-3CZ-SNQ
150.997274,-33.961469,"81 Ardath Avenue, Panania",Callistemon viminalis,89K-OPX-4X6-MAY
150.99679,-33.961571,"7 Henderson Avenue, Panania",Platanus x hybrida,JEM-T92-KOX-DE3
150.997035,-33.961347,"81 Ardath Avenue, Panania",Callistemon viminalis,QC7-E7N-W3P-HSP
150.996577,-33.961521,"9 Henderson Avenue, Panania",Lophostemon confertus,E3B-9VO-3DJ-K44
150.996909,-33.961247,"2 Henderson Avenue, Panania",Callistemon viminalis,JVE-BOB-2DN-DUJ
150.996477,-33.9615,"11 Henderson Avenue, Panania",Lophostemon confertus,XDA-UZQ-N8E-N22
150.996312,-33.96148,"13 Henderson Avenue, Panania",Lophostemon confertus,6PF-Y5C-O4J-GO4
150.996934,-33.961166,"2 Henderson Avenue, Panania",Callistemon viminalis,CZD-VPG-3M9-55U
150.996178,-33.96147,"15 Henderson Avenue, Panania",Eucalyptus sp.,E1O-OF7-X3O-51V
150.996044,-33.961443,"17 Henderson Avenue, Panania",Lophostemon confertus,Q32-VRR-6GA-8YH
150.996656,-33.961393,"4 Henderson Avenue, Panania",Lophostemon confertus,DEH-2V2-C95-JOM
150.995698,-33.96139,"19 Henderson Avenue, Panania",Callistemon citrinus,AB3-W1N-XNE-DD9
150.996486,-33.96137,"6 Henderson Avenue, Panania",Lophostemon confertus,PXS-57P-UHD-9JB
150.995551,-33.961388,"21 Henderson Avenue, Panania",Tristaniopsis laurina,FEB-11F-NET-23K
150.996342,-33.961353,"8 Henderson Avenue, Panania",Tristaniopsis laurina,YPX-F8Z-9K5-T9N
150.995279,-33.96133,"25 Henderson Avenue, Panania",Callistemon salignus,1KW-1XU-V8R-AXQ
150.996221,-33.961339,"10 Henderson Avenue, Panania",Unident / evergreen / Exotic,BAC-19U-DRO-49X
150.99545,-33.961245,"18 Henderson Avenue, Panania",Callistemon viminalis,96U-YVJ-HNT-ZAC
150.995653,-33.961265,"14 Henderson Avenue, Panania",Callistemon salignus,NGC-D8A-WWN-UEA
150.995712,-33.961277,"14 Henderson Avenue, Panania",Callistemon salignus,NBR-U8S-7T3-UHK
150.995969,-33.961178,"12 Henderson Avenue, Panania",Callistemon viminalis,7VQ-X33-3BF-BKG
150.995829,-33.961125,"14 Henderson Avenue, Panania",Callistemon viminalis,OPK-XWK-1AN-7CU
150.995742,-33.961561,"19 Henderson Avenue, Panania",Callistemon salignus,AG9-F4Q-8N3-12H
150.995989,-33.961092,"12 Henderson Avenue, Panania",Callistemon viminalis,RXG-P62-SBW-3PJ
150.995661,-33.961948,"32 Milford Avenue, Panania",Callistemon salignus,A6J-TQC-TF4-RBO
150.995656,-33.962009,"34 Milford Avenue, Panania",Callistemon salignus,6WW-GPR-O1Z-9FS
150.996013,-33.960884,"35 Milford Avenue, Panania",Callistemon viminalis,COH-ACD-FXF-N5U
150.995843,-33.961953,"39 Milford Avenue, Panania",Tristaniopsis laurina,E2R-UG6-SQZ-6E2
150.995848,-33.961837,"37 Milford Avenue, Panania",Tristaniopsis laurina,UOR-BR9-GA4-AHG
150.996044,-33.960755,"33 Milford Avenue, Panania",Callistemon viminalis,565-782-YNH-16X
150.995803,-33.96208,"41 Milford Avenue, Panania",Tristaniopsis laurina,9H8-AR3-9MR-38O
150.995712,-33.961738,"19 Henderson Avenue, Panania",Tristaniopsis laurina,X7E-SOF-Y4A-C2S
150.996041,-33.960691,"31 Milford Avenue, Panania",Callistemon viminalis,XEG-H9B-FON-O3A
150.995882,-33.96171,"17 Henderson Avenue, Panania",Callistemon viminalis,JQA-M2E-VNK-E7D
150.996054,-33.960547,"29 Milford Avenue, Panania",Callistemon viminalis,PS9-8TE-EF4-3QE
150.995905,-33.961546,"17 Henderson Avenue, Panania",Callistemon salignus,MJK-HUP-CKO-H7Q
150.996072,-33.960431,"27 Milford Avenue, Panania",Callistemon viminalis,2J5-QED-A5Q-EFJ
151.004162,-33.946718,"117 Bransgrove Road, Panania",Callistemon viminalis,3TO-NHH-27F-6DK
151.003849,-33.94667,"121 Bransgrove Road, Panania",Callistemon viminalis,G7S-36J-6E4-VXE
151.004415,-33.94675,"115 Bransgrove Road, Panania",Lophostemon confertus,YUK-MCA-Z21-3UK
151.004566,-33.946772,"113 Bransgrove Road, Panania",Lophostemon confertus,219-MCK-CWH-DPA
151.004763,-33.946813,"111 Bransgrove Road, Panania",Lophostemon confertus,EGC-WQ4-DUM-SR2
151.004899,-33.946829,"2 Carson Street, Panania",Backhousia citriodora,CQP-NWT-N42-W23
151.005073,-33.946849,"2 Carson Street, Panania",Callistemon viminalis,QS3-87S-O7H-DA7
151.003863,-33.948321,"8 Burtenshaw Street, Panania",Eleaocarpus reticulatus,KMW-31H-V58-4X8
151.005201,-33.947096,"4 Carson Street, Panania",Callistemon viminalis,33B-KCA-V11-2PT
151.003977,-33.948342,"6 Burtenshaw Street, Panania",Lophostemon confertus,KN8-9VQ-QSU-16Z
151.005164,-33.94722,"6 Carson Street, Panania",Callistemon viminalis,BSQ-ST4-ADA-TTX
151.004216,-33.948372,"4 Burtenshaw Street, Panania",Prunus cerasifera 'Nigra',HRH-9SS-QW1-O2Z
151.005148,-33.947336,"8 Carson Street, Panania",Callistemon viminalis,63Z-M5P-24U-ZTW
151.004258,-33.948378,"4 Burtenshaw Street, Panania",Malus sp.,234-2SG-SKR-BO9
151.005098,-33.947517,"10 Carson Street, Panania",Callistemon viminalis,HPJ-CV6-VYR-6RO
151.004368,-33.948395,"2 Burtenshaw Street, Panania",Callistemon viminalis,KTF-GY5-BQC-VW1
151.005077,-33.947673,"10C Carson Street, Panania",Callistemon viminalis,73X-BMO-J7S-K4U
151.004545,-33.948421,"20 Carson Street, Panania",Lophostemon confertus,KM4-3ZS-XT6-W3G
151.004679,-33.94844,"20 Carson Street, Panania",Lophostemon confertus,6OT-HS3-UYN-EH1
151.004364,-33.969929,"1 Austin Boulevard, Picnic Point",Melaleuca linariifolia,2E5-5JJ-VYU-QZG
151.004375,-33.969822,"3 Austin Boulevard, Picnic Point",Callistemon viminalis,H3K-9BZ-OA2-YX8
151.004402,-33.969682,"5 Austin Boulevard, Picnic Point",Callistemon viminalis,DN2-2SO-JN8-HEV
151.005045,-33.94784,"12A Carson Street, Panania",Sapium sebiferum,E82-U4C-785-YP3
151.004563,-33.948515,"1 Burtenshaw Street, Panania",Callistemon viminalis,9QX-W77-T9J-5KG
151.004481,-33.969492,"7 Austin Boulevard, Picnic Point",Hymenosporum flavum,2KK-8TY-9ZV-MKR
151.004519,-33.969409,"9 Austin Boulevard, Picnic Point",Hymenosporum flavum,A5O-VTG-SCT-5B9
151.005004,-33.947932,"14 Carson Street, Panania",Tristaniopsis laurina,7B9-TY4-ZZV-THT
151.004425,-33.9485,"3A Burtenshaw Street, Panania",Eleaocarpus reticulatus,773-5DD-UT5-3JK
151.0043,-33.948483,"3B Burtenshaw Street, Panania",Eleaocarpus reticulatus,6N1-JTC-8GT-6UD
151.004974,-33.948105,"16 Carson Street, Panania",Callistemon viminalis,BSN-RMK-OAZ-165
151.004586,-33.969257,"11 Austin Boulevard, Picnic Point",Callistemon viminalis,TYO-5XC-BMM-WOJ
151.004933,-33.948267,"18 Carson Street, Panania",Tristaniopsis laurina,FPN-64R-UNP-6A2
151.0042,-33.948463,"5 Burtenshaw Street, Panania",Callistemon viminalis,JZ7-5EF-PQB-QUW
151.004623,-33.96913,"13 Austin Boulevard, Picnic Point",Callistemon viminalis,JSW-454-VGS-RF5
151.003972,-33.948422,"7 Burtenshaw Street, Panania",Callistemon viminalis,UYU-P3A-XRF-BU8
151.004834,-33.948714,"20A Carson Street, Panania",Callistemon viminalis,B2J-YEH-2M1-K3Y
151.004803,-33.948867,"20C Carson Street, Panania",Tristaniopsis laurina,CEA-2DB-T8Y-HXS
151.003546,-33.948372,"13 Dickenson Street, Panania",Callistemon viminalis,GBU-UBH-D4B-5CP
151.004641,-33.969009,"15 Austin Boulevard, Picnic Point",Callistemon viminalis,BAS-QEV-M45-3GY
151.004512,-33.949176,"70 Horsley Road, Panania",Tristaniopsis laurina,Z9N-EBO-MOX-6AF
151.004663,-33.968851,"17A Austin Boulevard, Picnic Point",Callistemon viminalis,TNO-FVX-AGY-444
151.003556,-33.948273,"11 Dickenson Street, Panania",Callistemon viminalis,5SX-QGG-U5K-QOK
151.004634,-33.968694,"19 Austin Boulevard, Picnic Point",Callistemon viminalis,MSP-9EO-RAU-YUS
151.00373,-33.948306,"10 Burtenshaw Street, Panania",Callistemon viminalis,88U-RD6-CRP-GQE
151.004629,-33.968553,"21 Austin Boulevard, Picnic Point",Hymenosporum flavum,NGP-EOO-X4E-U3D
151.004655,-33.968418,"23 Austin Boulevard, Picnic Point",Callistemon viminalis,33P-3TW-6BB-9KG
151.004692,-33.968294,"25 Austin Boulevard, Picnic Point",Callistemon viminalis,JUH-KK5-BDQ-7SN
151.004736,-33.968159,"27 Austin Boulevard, Picnic Point",Hymenosporum flavum,YBJ-9KJ-Z1D-SOV
151.004828,-33.968008,"29 Austin Boulevard, Picnic Point",Hymenosporum flavum,E3K-J7W-D4E-S7R
151.004367,-33.949198,"72 Horsley Road, Panania",Tristaniopsis laurina,J63-PX5-DFG-RMT
151.004863,-33.967888,"31 Austin Boulevard, Picnic Point",Hymenosporum flavum,4R5-BNF-VM9-S7M
151.003983,-33.949238,"76 Horsley Road, Panania",Tristaniopsis laurina,SJO-AWT-CAC-ZX3
151.003866,-33.949255,"78 Horsley Road, Panania",Tristaniopsis laurina,4QJ-YK4-OR1-YEZ
151.004899,-33.967762,"33 Austin Boulevard, Picnic Point",Callistemon viminalis,MUX-Y69-3CU-2UQ
151.003653,-33.949273,"80 Horsley Road, Panania",Tristaniopsis laurina,UNV-SZQ-KEU-EYB
151.003434,-33.949298,"82 Horsley Road, Panania",Tristaniopsis laurina,JB6-8TN-2X7-6E4
151.003306,-33.949311,"82 Horsley Road, Panania",Tristaniopsis laurina,XVG-DMG-FOJ-5RS
151.00493,-33.967597,"35 Austin Boulevard, Picnic Point",Brachychiton acerifolius,3N7-7CH-R7D-C9W
151.003269,-33.948448,"13 Dickenson Street, Panania",Callistemon viminalis,GFM-VF7-C6Z-OFD
151.002789,-33.949364,"84 Horsley Road, Panania",Callistemon viminalis,OFY-OAS-FEN-YK9
151.004961,-33.967501,"37 Austin Boulevard, Picnic Point",Eucalyptus paniculata,1R6-9M9-GOZ-3S5
151.002721,-33.949368,"84 Horsley Road, Panania",Callistemon viminalis,VFE-EUC-Z66-W9Y
151.003267,-33.94856,"15 Dickenson Street, Panania",Eucalyptus sp.,96K-5WQ-67M-MO8
151.003227,-33.948669,"15A Dickenson Street, Panania",Eucalyptus ficifolia (grafted stock),KSP-DKO-P9A-631
151.002647,-33.949372,"84 Horsley Road, Panania",Callistemon viminalis,NHH-F3B-YMW-ZRK
151.004948,-33.967414,"37 Austin Boulevard, Picnic Point",Callistemon viminalis,ZYG-44A-YP1-WNX
151.004991,-33.967299,"39 Austin Boulevard, Picnic Point",Prunus cerasifera 'Nigra',UX8-EA8-EVN-BEU
151.003185,-33.948765,"17 Dickenson Street, Panania",Jacaranda mimosifolia,XUG-TWZ-Q3P-8KJ
151.002782,-33.949387,"84 Horsley Road, Panania",Pistachia chinensis,1NA-21B-P8X-D43
151.004877,-33.967163,"39 Austin Boulevard, Picnic Point",Hymenosporum flavum,DV9-3FD-RW1-PER
151.002403,-33.9494,"88 Horsley Road, Panania",Tristaniopsis laurina,4HK-1VV-AMK-UU3
151.004521,-33.967162,"41B Austin Boulevard, Picnic Point",Hymenosporum flavum,WPC-TFB-3ZM-3Q1
151.002336,-33.949407,"88 Horsley Road, Panania",Tristaniopsis laurina,F34-J5G-7R4-CB3
151.004418,-33.967153,"43 Austin Boulevard, Picnic Point",Hymenosporum flavum,BCM-GBC-SAA-KTF
151.004279,-33.967136,"75 Ramsay Road, Picnic Point",Hymenosporum flavum,263-FHY-2XR-UBR
151.003177,-33.948947,"21 Dickenson Street, Panania",Eucalyptus cinerea,AF9-BWW-RUT-QD4
151.00224,-33.949436,"90 Horsley Road, Panania",Pistachia chinensis,EJ9-ZR9-PQM-QB9
151.004175,-33.967124,"75 Ramsay Road, Picnic Point",Callistemon viminalis,RKB-H1W-XHE-TGA
151.004193,-33.967037,"73 Ramsay Road, Picnic Point",Hymenosporum flavum,1DV-XQG-2NS-YY6
151.004297,-33.96705,"73 Ramsay Road, Picnic Point",Hymenosporum flavum,98R-5AN-YM1-GBT
151.002184,-33.949426,"90 Horsley Road, Panania",Tristaniopsis laurina,E7P-54O-5DE-HTU
151.004425,-33.967057,"68 Austin Boulevard, Picnic Point",Hymenosporum flavum,KH3-X2T-EKN-H1H
151.002007,-33.949444,"92 Horsley Road, Panania",Tristaniopsis laurina,ETV-B7X-956-VBM
151.004691,-33.96705,"66 Austin Boulevard, Picnic Point",Hymenosporum flavum,YOO-NPG-5HA-98A
151.004914,-33.967059,"64 Austin Boulevard, Picnic Point",Hymenosporum flavum,7H6-9H1-UZ4-BSM
151.005069,-33.966892,"64 Austin Boulevard, Picnic Point",Hymenosporum flavum,2U4-3HH-VOQ-3EH
151.001891,-33.949475,"92 Horsley Road, Panania",Pistachia chinensis,M3J-78U-4ZN-WPC
151.003117,-33.949144,"82 Horsley Road, Panania",Eucalyptus sp.,P2C-PBB-383-UTF
151.00508,-33.966795,"62 Austin Boulevard, Picnic Point",Callistemon viminalis,UQ9-XNX-1VG-96R
151.001794,-33.949468,"94 Horsley Road, Panania",Tristaniopsis laurina,3VF-2SD-BAG-8CD
151.00161,-33.949479,"96 Horsley Road, Panania",Tristaniopsis laurina,17H-JPK-MCR-6KB
151.00513,-33.966618,"60 Austin Boulevard, Picnic Point",Callistemon viminalis,B31-MD3-JM6-H38
151.002912,-33.949293,"84 Horsley Road, Panania",Eucalyptus sp.,KMY-Q8A-9FE-EER
151.00513,-33.966477,"58 Austin Boulevard, Picnic Point",Callistemon viminalis,1ER-2JQ-19Z-ZRC
151.002941,-33.949236,"84 Horsley Road, Panania",Eucalyptus sp.,6HP-8OS-9C7-5PD
151.005108,-33.966369,"56 Austin Boulevard, Picnic Point",Callistemon viminalis,PT4-WRK-DDK-PMK
151.001209,-33.949391,"98 Horsley Road, Panania",Callistemon viminalis,G8U-DRW-1UE-F41
151.002978,-33.949062,"28 Dickenson Street, Panania",Eucalyptus sideroxylon,X5T-SRJ-M78-FB3
151.001093,-33.949413,"100 Horsley Road, Panania",Callistemon viminalis,663-XRX-QHW-26R
151.005172,-33.966319,"56 Austin Boulevard, Picnic Point",Callistemon viminalis,7CN-4EB-M69-DA7
151.003018,-33.948924,"26 Dickenson Street, Panania",Eucalyptus sideroxylon,FES-P5W-V48-3AR
151.005315,-33.96637,"50 Austin Boulevard, Picnic Point",Callistemon viminalis,711-1M1-ZJU-GYP
151.001083,-33.949316,"100 Horsley Road, Panania",Callistemon viminalis,65K-D3A-DV4-QJ4
151.003057,-33.948767,"24 Dickenson Street, Panania",Eucalyptus nicholii,YYK-2KX-RYO-8V1
151.005274,-33.966488,"48 Austin Boulevard, Picnic Point",Callistemon viminalis,QMJ-GE2-O8H-9Z7
151.001091,-33.949208,"36 Baldi Avenue, Panania",Callistemon viminalis,1OK-CSG-AOO-ZYY
151.005243,-33.966597,"46 Austin Boulevard, Picnic Point",Callistemon viminalis,EGE-DNM-E22-TDQ
151.00307,-33.948594,"22 Dickenson Street, Panania",Eucalyptus sp.,PBX-QCJ-4QS-5MH
151.001229,-33.949183,"29 Baldi Avenue, Panania",Callistemon viminalis,7HK-XAR-3R5-2YR
151.005223,-33.966703,"44 Austin Boulevard, Picnic Point",Callistemon viminalis,Q2P-K83-246-YF6
151.003147,-33.948435,"20 Dickenson Street, Panania",Eucalyptus sideroxylon,RJT-F6J-TSY-VER
151.003175,-33.948309,"18 Dickenson Street, Panania",Lophostemon confertus,SUC-66R-D25-PAJ
151.005198,-33.966855,"42 Austin Boulevard, Picnic Point",Lophostemon confertus,EWN-UA4-8XR-5QW
151.001135,-33.949061,"34 Baldi Avenue, Panania",Tristaniopsis laurina,CPB-AKZ-P9T-YEZ
151.005162,-33.966979,"40 Austin Boulevard, Picnic Point",Callistemon viminalis,1QM-H78-MAZ-VNP
151.001164,-33.948903,"32 Baldi Avenue, Panania",Callistemon viminalis,G6W-R89-XMY-94B
151.005135,-33.967142,"38 Austin Boulevard, Picnic Point",Callistemon viminalis,UU2-H85-UDM-938
151.001268,-33.949055,"29 Baldi Avenue, Panania",Callistemon viminalis,CRQ-SCB-8P5-4RJ
151.001299,-33.948901,"27 Baldi Avenue, Panania",Callistemon viminalis,AYA-GNK-KRZ-VG2
151.001203,-33.948739,"30 Baldi Avenue, Panania",Tristaniopsis laurina,P64-WAX-OFQ-8RM
151.001232,-33.948591,"28 Baldi Avenue, Panania",Tristaniopsis laurina,J6R-YAN-OA5-899
151.001269,-33.948432,"26 Baldi Avenue, Panania",Tristaniopsis laurina,1Y6-2PN-49G-X15
151.001401,-33.948219,"24 Baldi Avenue, Panania",Tristaniopsis laurina,W3A-VS8-GK7-RDV
151.001445,-33.948114,"22 Baldi Avenue, Panania",Tristaniopsis laurina,51Y-KD9-8NT-M68
151.001532,-33.948284,"21 Baldi Avenue, Panania",Callistemon viminalis,EYN-GB9-24E-M7S
151.005103,-33.967291,"36 Austin Boulevard, Picnic Point",Callistemon viminalis,1J7-184-R8Z-57R
151.001399,-33.94845,"23 Baldi Avenue, Panania",Callistemon viminalis,N7S-8BY-8U5-AMW
151.001379,-33.948537,"25 Baldi Avenue, Panania",Callistemon viminalis,JNE-V43-M73-KND
151.00506,-33.967486,"32 Austin Boulevard, Picnic Point",Callistemon viminalis,ZVE-MO5-GWH-ENU
151.005058,-33.967565,"32 Austin Boulevard, Picnic Point",Callistemon viminalis,AC8-8RW-13B-1A7
151.005019,-33.967682,"30 Austin Boulevard, Picnic Point",Callistemon viminalis,TTS-F39-9J8-QGF
151.005015,-33.967896,"26 Austin Boulevard, Picnic Point",Callistemon viminalis,2KD-XFO-7UJ-JS6
151.004975,-33.96798,"26 Austin Boulevard, Picnic Point",Callistemon viminalis,XUU-2XF-366-82F
151.004949,-33.96803,"24 Austin Boulevard, Picnic Point",Callistemon viminalis,D34-4JF-523-M72
151.004901,-33.968118,"24 Austin Boulevard, Picnic Point",Tristaniopsis laurina,JPM-27M-X7Z-FPK
151.004842,-33.968206,"22 Austin Boulevard, Picnic Point",Melaleuca linariifolia,KNP-K77-7TY-JP7
151.004795,-33.968326,"20 Austin Boulevard, Picnic Point",Callistemon viminalis,DZE-JJT-5QU-ZON
151.00476,-33.968509,"18A Austin Boulevard, Picnic Point",Melaleuca linariifolia,8U3-UEC-GJR-X7G
151.004734,-33.968606,"18 Austin Boulevard, Picnic Point",Melaleuca linariifolia,Q2A-V85-O5K-C5G
151.004738,-33.968692,"16 Austin Boulevard, Picnic Point",Melaleuca linariifolia,FYU-2DQ-CGY-Y63
151.004764,-33.968828,"14 Austin Boulevard, Picnic Point",Callistemon viminalis,5TF-FZD-DRD-J7N
151.004773,-33.968947,"12 Austin Boulevard, Picnic Point",Callistemon viminalis,GUO-CYQ-3W2-NY2
151.001557,-33.948149,"19 Baldi Avenue, Panania",Callistemon viminalis,8GX-RY5-N5C-V3R
151.004747,-33.969089,"10 Austin Boulevard, Picnic Point",Melaleuca linariifolia,KYY-46C-K1E-JR6
151.003199,-33.94811,"16A Dickenson Street, Panania",Eucalyptus sideroxylon,88E-F8C-KHA-6VC
151.001588,-33.947998,"17A Baldi Avenue, Panania",Callistemon viminalis,37M-SE3-1JN-J6H
151.0047,-33.969256,"8 Austin Boulevard, Picnic Point",Callistemon viminalis,PM9-CRY-YVF-RBA
151.003251,-33.94796,"14 Dickenson Street, Panania",Melaleuca bracteata,WUO-661-JNJ-FJ3
151.004652,-33.969392,"6 Austin Boulevard, Picnic Point",Callistemon viminalis,WKU-ASC-MA6-A8A
151.001471,-33.947967,"20 Baldi Avenue, Panania",Callistemon viminalis,27R-2FM-EER-Y19
151.003271,-33.947828,"12A Dickenson Street, Panania",Tristaniopsis laurina,HJA-DAV-EA2-98M
151.004612,-33.969502,"4 Austin Boulevard, Picnic Point",Callistemon viminalis,AJQ-UDW-9U1-O3G
151.001504,-33.947828,"18A Baldi Avenue, Panania",Callistemon viminalis,EAN-QJH-8M1-692
151.003312,-33.947618,"10 Dickenson Street, Panania",Lophostemon confertus,36C-RF3-QP1-VRV
151.004509,-33.969748,"68 Burns Road, Picnic Point",Callistemon viminalis,DFN-QTY-51B-U11
151.001546,-33.947664,"16 Baldi Avenue, Panania",Callistemon viminalis,O3W-RP6-82A-E8Q
151.001562,-33.947562,"14 Baldi Avenue, Panania",Callistemon viminalis,NMU-NWT-A8M-8PG
151.00446,-33.969901,"68 Burns Road, Picnic Point",Melaleuca sp.,PQF-K6F-BXQ-XTD
151.003361,-33.947421,"8 Dickenson Street, Panania",Melaleuca bracteata,DSM-VRM-F4N-U9F
151.00337,-33.947334,"6A Dickenson Street, Panania",Tristaniopsis laurina,RAV-ZQS-3CB-4C9
151.004452,-33.969981,"68 Burns Road, Picnic Point",Sapium sebiferum,ZC7-UQ4-TSP-SNW
151.00159,-33.947455,"12 Baldi Avenue, Panania",Melaleuca quinquenervia,J7F-GBR-O1A-XH4
151.003428,-33.947125,"4 Dickenson Street, Panania",Tristaniopsis laurina,RYX-UGD-N3H-R76
151.003463,-33.946974,"2 Dickenson Street, Panania",Tristaniopsis laurina,5XR-H96-4QE-1A1
151.001592,-33.947426,"12 Baldi Avenue, Panania",Callistemon viminalis,TH4-AVC-GG8-GZV
151.001618,-33.947294,"10 Baldi Avenue, Panania",Callistemon viminalis,JKW-E4K-ZTF-RJK
151.003488,-33.946856,"2A Dickenson Street, Panania",Tristaniopsis laurina,7ND-2KY-9GT-WMW
151.003522,-33.946712,"2A Dickenson Street, Panania",Tristaniopsis laurina,VM9-2WE-OK4-T4P
151.001648,-33.947152,"8 Baldi Avenue, Panania",Tristaniopsis laurina,14S-Y13-XBZ-99U
151.003662,-33.94677,"121 Bransgrove Road, Panania",Eleaocarpus reticulatus,Y7H-DRE-J4D-MRZ
151.003623,-33.94694,"1A Dickenson Street, Panania",Eleaocarpus reticulatus,67J-BCX-HA3-VEX
151.00357,-33.947179,"3 Dickenson Street, Panania",Eleaocarpus reticulatus,P97-QBZ-4JE-4ZF
151.001689,-33.946625,"143 Bransgrove Road, Panania",Olea europaea,EKS-SCO-79W-CER
151.003532,-33.947411,"5 Dickenson Street, Panania",Syzygium paniculatum,KGN-GHJ-PRC-CEB
151.001803,-33.946651,"141 Bransgrove Road, Panania",Callistemon sp.,DA7-PSV-84V-WC1
151.003507,-33.947445,"5 Dickenson Street, Panania",Syzygium paniculatum,XGC-BUX-33F-622
151.001795,-33.946902,"1 Baldi Avenue, Panania",Callistemon viminalis,EVP-8UP-O2P-1XH
151.003548,-33.947504,"5 Dickenson Street, Panania",Unident / deciduous / Exotic,E1U-DFF-ONK-76O
151.0018,-33.947038,"3 Baldi Avenue, Panania",Callistemon viminalis,G9J-RU8-V9Q-M1Q
151.00364,-33.947516,"5 Dickenson Street, Panania",Unident / deciduous / Exotic,FT3-63K-JFS-M4Q
151.001781,-33.947154,"5 Baldi Avenue, Panania",Robinia pseudoacacia,RN3-6ER-ZKE-GY1
151.001738,-33.947445,"9 Baldi Avenue, Panania",Callistemon viminalis,X8F-82E-CO3-BJ6
151.001695,-33.947581,"11 Baldi Avenue, Panania",Callistemon viminalis,NTY-MFH-F8J-F5A
151.001656,-33.947732,"13 Baldi Avenue, Panania",Callistemon viminalis,RJD-EVA-Z4S-436
151.00371,-33.94753,"5 Dickenson Street, Panania",Other species (Exotic & Deciduous),2SY-27M-CXX-6UQ
151.003754,-33.947533,"5 Dickenson Street, Panania",Gleditsia tricanthos,FRU-RET-HDG-DGG
151.001549,-33.948733,"25 Baldi Avenue, Panania",Callistemon viminalis,6X6-PR5-XZY-T5G
151.001492,-33.948823,"27 Baldi Avenue, Panania",Callistemon viminalis,3SX-Z2O-DXY-8NF
151.003892,-33.947529,"5 Dickenson Street, Panania",Liquidambar styraciflua,1MN-V63-8WD-Y7Z
151.003988,-33.947567,"1 Melham Avenue, Panania",Melaleuca bracteata,CUO-567-3F1-1KB
151.004097,-33.947583,"1A Melham Avenue, Panania",Melaleuca bracteata,98N-J8S-22X-TMM
151.004252,-33.947484,"1A Melham Avenue, Panania",Tristaniopsis laurina,ACA-FD6-84V-NOQ
151.003038,-33.946542,"1 Windermere Crescent, Panania",Callistemon viminalis,JP5-C27-HHR-5KF
151.004265,-33.947353,"2 Melham Avenue, Panania",Acacia sp. (Native & Evergreen),HUG-3GN-TTW-Y7N
151.004411,-33.947347,"4 Melham Avenue, Panania",Eleaocarpus reticulatus,WG2-G4Z-CD3-454
151.004382,-33.947553,"6 Melham Avenue, Panania",Callistemon viminalis,63R-62Q-H5P-EXH
151.004319,-33.947642,"7 Melham Avenue, Panania",Callistemon viminalis,65D-2YT-AZS-EV7
151.004173,-33.947677,"8 Melham Avenue, Panania",Callistemon viminalis,7U4-TW2-PFQ-8KC
151.004018,-33.947669,"9 Melham Avenue, Panania",Callistemon viminalis,JF1-JS5-2XW-Q16
151.003851,-33.947651,"10 Melham Avenue, Panania",Callistemon viminalis,UVP-9YJ-S4R-H2B
151.003623,-33.947604,"7 Dickenson Street, Panania",Callistemon viminalis,QSO-KMF-FDC-CE7
151.003493,-33.947628,"7 Dickenson Street, Panania",Eleaocarpus reticulatus,1YE-1YC-KZV-EMV
151.003457,-33.947752,"7 Dickenson Street, Panania",Eleaocarpus reticulatus,BV2-BD6-F49-WC3
151.003409,-33.947846,"9 Dickenson Street, Panania",Eucalyptus ficifolia (grafted stock),KGR-NPM-S4V-3TE
151.003395,-33.947981,"9A Dickenson Street, Panania",Tristaniopsis laurina,KV3-NQY-ZTZ-7YU
151.003367,-33.948153,"11 Dickenson Street, Panania",Tristaniopsis laurina,DBU-YGF-FKO-HMP
151.000597,-33.946146,"151 Bransgrove Road, Panania",Callistemon viminalis,YSK-QRV-KA6-H9F
151.001634,-33.946317,"143 Bransgrove Road, Panania",Callistemon viminalis,2UP-4NA-Q4X-DZ3
151.001512,-33.946303,"145 Bransgrove Road, Panania",Hymenosporum flavum,GE2-9NC-XDX-8OK
151.001387,-33.946284,"145A Bransgrove Road, Panania",Hymenosporum flavum,ZBE-94Q-WG8-2G1
151.001315,-33.94627,"147 Bransgrove Road, Panania",Callistemon viminalis,ADY-WHM-XAD-K35
151.001182,-33.946255,"147A Bransgrove Road, Panania",Hymenosporum flavum,HGO-C4X-UHG-OR3
151.000189,-33.946101,"155 Bransgrove Road, Panania",Callistemon viminalis,8PF-28F-A59-BTM
150.999948,-33.946061,"157 Bransgrove Road, Panania",Callistemon viminalis,5KJ-713-JOR-BH1
150.999771,-33.946227,"157 Bransgrove Road, Panania",Hymenosporum flavum,U7F-SSQ-ZEP-HPE
150.999708,-33.946478,"1 Lindsay Street, Panania",Tristaniopsis laurina,1DD-TZJ-OAP-VNR
150.999689,-33.946619,"3 Lindsay Street, Panania",Olea europaea,R1R-25G-ZPO-8YJ
150.999684,-33.946729,"5 Lindsay Street, Panania",Hymenosporum flavum,9CR-W2X-C1V-WWC
150.99965,-33.946868,"7 Lindsay Street, Panania",Hymenosporum flavum,HNB-UK6-BKA-KQO
150.99962,-33.946969,"7A Lindsay Street, Panania",Hymenosporum flavum,2MF-SKD-VZD-8R4
150.999599,-33.947047,"9 Lindsay Street, Panania",Hymenosporum flavum,8VQ-HD5-BOF-BTK
150.999571,-33.947187,"11 Lindsay Street, Panania",Hymenosporum flavum,73B-GGK-286-N9D
150.999528,-33.947353,"13A Lindsay Street, Panania",Hymenosporum flavum,2TK-4MZ-JFV-936
150.999491,-33.947514,"15 Lindsay Street, Panania",Eucalyptus melliodora,SMS-1EK-QOM-WDU
150.999467,-33.947623,"17 Lindsay Street, Panania",Olea europaea,4H2-N98-E8C-BOR
150.999436,-33.947774,"19 Lindsay Street, Panania",Hymenosporum flavum,5WC-QFF-TDU-DTO
150.999393,-33.94792,"21 Lindsay Street, Panania",Hymenosporum flavum,FM7-HZY-AYQ-6Z1
150.999371,-33.948015,"21 Lindsay Street, Panania",Hymenosporum flavum,41B-GZC-351-N6N
150.999349,-33.948098,"21 Lindsay Street, Panania",Olea europaea,9FD-HRT-K7R-JZ1
150.999334,-33.948185,"21 Lindsay Street, Panania",Hymenosporum flavum,TXM-E7U-5EK-DEZ
150.999306,-33.948323,"21 Lindsay Street, Panania",Hymenosporum flavum,F7Z-4C1-AVO-ZCE
150.999299,-33.948394,"21 Lindsay Street, Panania",Olea europaea,REV-R1O-R6T-ZAB
150.999265,-33.948564,"8 Matts Avenue, Panania",Olea europaea,MK8-DOM-VZV-J74
150.999223,-33.948701,"8 Matts Avenue, Panania",Olea europaea,9P6-QQA-KN5-Z9Z
150.999345,-33.948817,"8 Matts Avenue, Panania",Hymenosporum flavum,PGN-GY3-SZ7-NNF
150.99954,-33.9488,"6 Matts Avenue, Panania",Hymenosporum flavum,Q17-CYG-1MT-976
150.999798,-33.948774,"4 Matts Avenue, Panania",Callistemon viminalis,8QP-CFZ-BDP-2E2
151.000007,-33.948748,"2 Matts Avenue, Panania",Olea europaea,8A6-HBF-WEY-E52
151.000202,-33.948663,"2 Matts Avenue, Panania",Hymenosporum flavum,FKO-6DQ-C2F-PG6
151.000246,-33.948465,"30 Benfield Parade, Panania",Olea europaea,OA6-C2W-ATN-3QF
151.000267,-33.948347,"28 Benfield Parade, Panania",Olea europaea,TH8-8EE-HTN-8FH
151.000294,-33.948203,"26 Benfield Parade, Panania",Hymenosporum flavum,Z6D-F1X-Q2W-2RC
151.000346,-33.94804,"24 Benfield Parade, Panania",Eucalyptus melliodora,36M-WJ2-GV4-4RT
151.000361,-33.947921,"22 Benfield Parade, Panania",Hymenosporum flavum,MVW-GGY-GJK-E4E
151.000379,-33.947783,"20 Benfield Parade, Panania",Olea europaea,K8A-KMM-FH2-UN1
151.000409,-33.947651,"18 Benfield Parade, Panania",Olea europaea,X99-XC7-CCG-CWD
151.000438,-33.947511,"16 Benfield Parade, Panania",Olea europaea,AB6-GW4-RTZ-VVR
151.000474,-33.947417,"14A Benfield Parade, Panania",Hymenosporum flavum,JAK-OX7-7BN-OQM
151.000494,-33.947331,"14 Benfield Parade, Panania",Hymenosporum flavum,V23-3XZ-ZOX-T5M
151.000509,-33.947259,"12 Benfield Parade, Panania",Olea europaea,FRW-4SZ-S32-B8Q
151.000534,-33.947121,"10 Benfield Parade, Panania",Hymenosporum flavum,KMM-Z27-4U5-CDN
151.00058,-33.946932,"8 Benfield Parade, Panania",Olea europaea,HBU-GBB-JR9-T1Z
151.000594,-33.946824,"6 Benfield Parade, Panania",Tristaniopsis laurina,699-93R-WC8-Z9V
151.000622,-33.946738,"4A Benfield Parade, Panania",Hymenosporum flavum,C41-7BD-8SE-K34
151.000642,-33.94664,"4 Benfield Parade, Panania",Hymenosporum flavum,SOS-Y48-1D2-A7J
151.000669,-33.946516,"2 Benfield Parade, Panania",Hymenosporum flavum,FC4-7N2-QJG-DAA
151.000708,-33.946303,"151 Bransgrove Road, Panania",Olea europaea,XVZ-2C6-JBW-VGQ
151.000851,-33.946395,"149 Bransgrove Road, Panania",Callistemon viminalis,1ZU-72V-7DW-UJC
151.000832,-33.946453,"149 Bransgrove Road, Panania",Callistemon viminalis,1XE-27D-BF3-HWJ
151.000821,-33.946551,"1 Benfield Parade, Panania",Callistemon viminalis,YSX-YBO-1SZ-1HG
151.000794,-33.946653,"3 Benfield Parade, Panania",Callistemon viminalis,Y3C-TGV-T94-YN7
151.000772,-33.946768,"3A Benfield Parade, Panania",Hymenosporum flavum,W4T-KUQ-NHT-EYT
151.000747,-33.946841,"5 Benfield Parade, Panania",Olea europaea,1HA-XQ9-8AY-7SE
151.000735,-33.946919,"5A Benfield Parade, Panania",Hymenosporum flavum,53D-DRB-H4C-B29
151.000717,-33.94699,"7 Benfield Parade, Panania",Olea europaea,8Q2-1BO-CD1-ENH
151.000696,-33.947118,"9 Benfield Parade, Panania",Hymenosporum flavum,6U3-DND-UK1-RJA
151.000678,-33.94719,"9 Benfield Parade, Panania",Eucalyptus longifolia,G3D-XKG-UH3-762
151.000663,-33.947268,"11 Benfield Parade, Panania",Eucalyptus longifolia,CU2-B27-JPN-HQ9
151.000641,-33.947311,"11 Benfield Parade, Panania",Eucalyptus melliodora,52V-SVY-8NW-39R
151.000627,-33.947424,"13 Benfield Parade, Panania",Callistemon viminalis,Z4D-Z7J-X4P-AQZ
151.000589,-33.947571,"15 Benfield Parade, Panania",Olea europaea,2X5-EE9-4BS-NQZ
151.000552,-33.947702,"17 Benfield Parade, Panania",Eucalyptus melliodora,AD5-PY3-GUX-CPQ
151.000523,-33.947882,"19 Benfield Parade, Panania",Hymenosporum flavum,1DH-RK6-NFD-KCS
151.000489,-33.94801,"21 Benfield Parade, Panania",Olea europaea,REB-Z4P-6AM-6X6
151.000463,-33.948166,"23 Benfield Parade, Panania",Olea europaea,PEO-EPD-32B-3AX
151.000431,-33.948305,"25 Benfield Parade, Panania",Olea europaea,G2H-1XQ-3QS-DZV
151.0028,-33.946772,"3 Windermere Crescent, Panania",Eucalyptus ficifolia (grafted stock),9FR-ROH-5MP-N5N
151.000387,-33.948487,"27 Benfield Parade, Panania",Olea europaea,5BT-3D3-T6O-2YW
151.000362,-33.948619,"29A Benfield Parade, Panania",Olea europaea,ZXJ-N5M-F4C-P89
151.0027362,-33.94662527,"2 Windermere Crescent, Panania",Eucalyptus ficifolia (grafted stock),CXR-RA8-W1A-7Z2
151.000326,-33.948761,"31A Benfield Parade, Panania",Olea europaea,CKF-DAU-TU9-U2O
151.000303,-33.94888,"33 Benfield Parade, Panania",Hymenosporum flavum,RRB-4U8-OZ6-UZY
151.002751,-33.946961,"5 Windermere Crescent, Panania",Callistemon viminalis,9AG-RU1-U8M-C5U
151.002684,-33.94679,"4A Windermere Crescent, Panania",Tristaniopsis laurina,RSP-OD2-1PU-48R
151.000246,-33.949161,"37 Benfield Parade, Panania",Syncarpia glomulifera,4J8-U3Q-XTW-6QV
151.000289,-33.949608,"116 Horsley Road, Panania",Tristaniopsis laurina,W6V-Y15-1Y1-D7S
151.002737,-33.947082,"7 Windermere Crescent, Panania",Eucalyptus ficifolia (grafted stock),Z2R-SBY-ZMM-B93
151.000514,-33.949592,"114 Horsley Road, Panania",Tristaniopsis laurina,E6F-8Y3-KZN-2YK
151.002654,-33.946954,"6 Windermere Crescent, Panania",Waterhousia floribunda,46B-NXP-5CT-5YA
151.002641,-33.947014,"6 Windermere Crescent, Panania",Waterhousia floribunda,EBU-MJB-6PU-FSB
151.002704,-33.947214,"7A Windermere Crescent, Panania",Eucalyptus ficifolia (grafted stock),TC2-9RF-CO3-4WJ
151.002691,-33.947341,"9 Windermere Crescent, Panania",Eucalyptus ficifolia (grafted stock),DRQ-H11-9RW-T7F
151.002609,-33.947197,"8 Windermere Crescent, Panania",Eucalyptus ficifolia (grafted stock),32S-F5M-SPA-BBV
151.002639,-33.947542,"11 Windermere Crescent, Panania",Eucalyptus ficifolia (grafted stock),1DN-TKK-768-QPK
151.002567,-33.947347,"10 Windermere Crescent, Panania",Callistemon viminalis,7EF-2TC-VNP-MD9
151.002601,-33.947731,"13 Windermere Crescent, Panania",Eucalyptus ficifolia (grafted stock),6OU-9AS-XYS-OB6
151.002538,-33.947527,"12 Windermere Crescent, Panania",Eucalyptus ficifolia (grafted stock),3R3-RV9-N8V-9MC
151.002551,-33.947896,"15 Windermere Crescent, Panania",Eucalyptus ficifolia (grafted stock),BGJ-FDZ-UB6-8OO
151.002519,-33.948097,"17 Windermere Crescent, Panania",Eucalyptus ficifolia (grafted stock),KM5-16O-36B-GRW
151.002493,-33.947606,"14 Windermere Crescent, Panania",Callistemon viminalis,564-3KR-ZOJ-GXV
151.002472,-33.947713,"14 Windermere Crescent, Panania",Callistemon viminalis,KHW-C71-DFP-C89
151.002451,-33.947891,"16 Windermere Crescent, Panania",Unident / evergreen / Exotic,KJY-BGF-GSK-4D4
151.002416,-33.948064,"18 Windermere Crescent, Panania",Unident / evergreen / Exotic,3QK-E1M-FOA-3TO
151.002494,-33.948192,"19 Windermere Crescent, Panania",Platanus x hybrida,CE6-62K-1EY-26H
151.00238,-33.948247,"20 Windermere Crescent, Panania",Eucalyptus ficifolia (grafted stock),72M-VNN-N46-O17
,,,,
,,,,
,,,,
,,,,
,,,,
,,,,
,,,,
,,,,
,,,,
,,,,
,,,,
,,,,
,,,,
,,,,
,,,,
,,,,
,,,,
,,,,
,,,,
,,,,
,,,,
,,,,
,,,,
,,,,
,,,,
,,,,
,,,,
,,,,
,,,,
,,,,
,,,,
,,,,
,,,,
,,,,
,,,,
,,,,
,,,,
,,,,
,,,,
,,,,
,,,,
,,,,
,,,,
,,,,
,,,,
,,,,
,,,,
,,,,
,,,,
,,,,
,,,,
,,,,
,,,,
,,,,
,,,,
,,,,
,,,,
,,,,
,,,,
,,,,
,,,,
,,,,
,,,,
,,,,
,,,,
,,,,
,,,,
,,,,
,,,,
,,,,
,,,,
,,,,
,,,,
,,,,
,,,,
,,,,
,,,,
,,,,
,,,,
,,,,
,,,,
,,,,
,,,,
,,,,
,,,,
,,,,
,,,,
,,,,
,,,,
,,,,
,,,,
,,,,
,,,,
,,,,
,,,,
,,,,
,,,,
,,,,
,,,,
,,,,
,,,,
,,,,
,,,,
,,,,
,,,,
,,,,
,,,,
,,,,
,,,,
,,,,
,,,,
,,,,
,,,,
,,,,
,,,,
,,,,
,,,,
,,,,
,,,,
,,,,
,,,,
,,,,
,,,,
,,,,
,,,,
,,,,
,,,,
,,,,
,,,,
,,,,
,,,,
,,,,
,,,,
,,,,
,,,,
,,,,
,,,,
,,,,
,,,,
,,,,
,,,,
,,,,
,,,,
,,,,
,,,,
,,,,
,,,,
,,,,
,,,,
,,,,
,,,,
,,,,
,,,,
,,,,
,,,,
,,,,
,,,,
,,,,
,,,,
,,,,
,,,,
,,,,
,,,,
,,,,
,,,,
,,,,
,,,,
,,,,
,,,,
,,,,
,,,,
,,,,
,,,,
,,,,
,,,,
,,,,
,,,,
,,,,
,,,,
,,,,
,,,,
,,,,
,,,,
,,,,
,,,,
,,,,
,,,,
,,,,
,,,,
,,,,
,,,,
,,,,
,,,,
,,,,
,,,,
,,,,
,,,,
,,,,
,,,,
,,,,
,,,,
,,,,
,,,,
,,,,
,,,,
,,,,
,,,,
,,,,
,,,,
,,,,
,,,,
,,,,
,,,,
,,,,
,,,,
,,,,
,,,,
,,,,
,,,,
,,,,
,,,,
,,,,
,,,,
,,,,
,,,,
,,,,
,,,,
,,,,
,,,,
,,,,
,,,,
,,,,
,,,,
,,,,
,,,,
,,,,
,,,,
,,,,
,,,,
,,,,
,,,,
,,,,
,,,,
,,,,
,,,,
,,,,
,,,,
,,,,
,,,,
,,,,
,,,,
,,,,
,,,,
,,,,
,,,,
,,,,
,,,,
,,,,
,,,,
,,,,
,,,,
,,,,
,,,,
,,,,
,,,,
,,,,
,,,,
,,,,
,,,,
,,,,
,,,,
,,,,
,,,,
,,,,
,,,,
,,,,
,,,,
,,,,
,,,,
,,,,
,,,,
,,,,
,,,,
,,,,
,,,,
,,,,
,,,,
,,,,
,,,,
,,,,
,,,,
,,,,
,,,,
,,,,
,,,,
,,,,
,,,,
,,,,
,,,,
,,,,
,,,,
,,,,
,,,,
,,,,
,,,,
,,,,
,,,,
,,,,
,,,,
,,,,
,,,,
,,,,
,,,,
,,,,
,,,,
,,,,
,,,,
,,,,
,,,,
,,,,
,,,,
,,,,
,,,,
,,,,
,,,,
,,,,
,,,,
,,,,
,,,,
,,,,
,,,,
,,,,
,,,,
,,,,
,,,,
,,,,
,,,,
,,,,
,,,,
,,,,
,,,,
,,,,
,,,,
,,,,
,,,,
,,,,
,,,,
,,,,
,,,,
,,,,
,,,,
,,,,
,,,,
,,,,
,,,,
,,,,
,,,,
,,,,
,,,,
,,,,
,,,,
,,,,
,,,,
,,,,
,,,,
,,,,
,,,,
,,,,
,,,,
,,,,
,,,,
,,,,
,,,,
,,,,
,,,,
,,,,
,,,,
,,,,
,,,,
,,,,
,,,,
,,,,
,,,,
,,,,
,,,,
,,,,
,,,,
,,,,
,,,,
,,,,
,,,,
,,,,
,,,,
,,,,
,,,,
,,,,
,,,,
,,,,
,,,,
,,,,
,,,,
,,,,
,,,,
,,,,
,,,,
,,,,
,,,,
,,,,
,,,,
,,,,
,,,,
,,,,
,,,,
,,,,
,,,,
,,,,
,,,,
,,,,
,,,,
,,,,
,,,,
,,,,
,,,,
,,,,
,,,,
,,,,
,,,,
,,,,
,,,,
,,,,
,,,,
,,,,
,,,,
,,,,
,,,,
,,,,
,,,,
,,,,
,,,,
,,,,
,,,,
,,,,
,,,,
,,,,
,,,,
,,,,
,,,,
,,,,
,,,,
,,,,
,,,,
,,,,
,,,,
,,,,
,,,,
,,,,
,,,,
,,,,
,,,,
,,,,
,,,,
,,,,
,,,,
,,,,
,,,,
,,,,
,,,,
,,,,
,,,,
,,,,
,,,,
,,,,
,,,,
,,,,
,,,,
,,,,
,,,,
,,,,
,,,,
,,,,
,,,,
,,,,
,,,,
,,,,
,,,,
,,,,
,,,,
,,,,
,,,,
,,,,
,,,,
,,,,
,,,,
,,,,
,,,,
,,,,
,,,,
,,,,
,,,,
,,,,
,,,,
,,,,
,,,,
,,,,
,,,,
,,,,
,,,,
,,,,
,,,,
,,,,
,,,,
,,,,
,,,,
,,,,
,,,,
,,,,
,,,,
,,,,
,,,,
,,,,
,,,,
,,,,
,,,,
,,,,
,,,,
,,,,
,,,,
,,,,
,,,,
,,,,
,,,,
,,,,
,,,,
,,,,
,,,,
,,,,
,,,,
,,,,
,,,,
,,,,
,,,,
,,,,
,,,,
,,,,
,,,,
,,,,
,,,,
,,,,
,,,,
,,,,
,,,,
,,,,
,,,,
,,,,
,,,,
,,,,
,,,,
,,,,
,,,,
,,,,
,,,,
,,,,
,,,,
,,,,
,,,,
,,,,
,,,,
,,,,
,,,,
,,,,
,,,,
,,,,
,,,,
,,,,
,,,,
,,,,
,,,,
,,,,
,,,,
,,,,
,,,,
,,,,
,,,,
,,,,
,,,,
,,,,
,,,,
,,,,
,,,,
,,,,
,,,,
,,,,
,,,,
,,,,
,,,,
,,,,
,,,,
,,,,
,,,,
,,,,
,,,,
,,,,
,,,,
,,,,
,,,,
,,,,
,,,,
,,,,
,,,,
,,,,
,,,,
,,,,
,,,,
,,,,
,,,,
,,,,
,,,,
,,,,
,,,,
,,,,
,,,,
,,,,
,,,,
,,,,
,,,,
,,,,
,,,,
,,,,
,,,,
,,,,
,,,,
,,,,
,,,,
,,,,
,,,,
,,,,
,,,,
,,,,
,,,,
,,,,
,,,,
,,,,
,,,,
,,,,
,,,,
,,,,
,,,,
,,,,
,,,,
,,,,
,,,,
,,,,
,,,,
,,,,
,,,,
,,,,
,,,,
,,,,
,,,,
,,,,
,,,,
,,,,
,,,,
,,,,
,,,,
,,,,
,,,,
,,,,
,,,,
,,,,
,,,,
,,,,
,,,,
,,,,
,,,,
,,,,
,,,,
,,,,
,,,,
,,,,
,,,,
,,,,
,,,,
,,,,
,,,,
,,,,
,,,,
,,,,
,,,,
,,,,
,,,,
,,,,
,,,,
,,,,
,,,,
,,,,
,,,,
,,,,
,,,,
,,,,
,,,,
,,,,
,,,,
,,,,
,,,,
,,,,
,,,,
,,,,
,,,,
,,,,
,,,,
,,,,
,,,,
,,,,
,,,,
,,,,
,,,,
,,,,
,,,,
,,,,
,,,,
,,,,
,,,,
,,,,
,,,,
,,,,
,,,,
,,,,
,,,,
,,,,
,,,,
,,,,
,,,,
,,,,
,,,,
,,,,
,,,,
,,,,
,,,,
,,,,
,,,,
,,,,
,,,,
,,,,
,,,,
,,,,
,,,,
,,,,
,,,,
,,,,
,,,,
,,,,
,,,,
,,,,
,,,,
,,,,
,,,,
,,,,
,,,,
,,,,
,,,,
,,,,
,,,,
,,,,
,,,,
,,,,
,,,,
,,,,
,,,,
,,,,
,,,,
,,,,
,,,,
,,,,
,,,,
,,,,
,,,,
,,,,
,,,,
,,,,
,,,,
,,,,
,,,,
,,,,
,,,,
,,,,
,,,,
,,,,
,,,,
,,,,
,,,,
,,,,
,,,,
,,,,
,,,,
,,,,
,,,,
,,,,
,,,,
,,,,
,,,,
,,,,
,,,,
,,,,
,,,,
,,,,
,,,,
,,,,
,,,,
,,,,
,,,,
,,,,
,,,,
,,,,
,,,,
,,,,
,,,,
,,,,
,,,,
,,,,
,,,,
,,,,
,,,,
,,,,
,,,,
,,,,
,,,,
,,,,
,,,,
,,,,
,,,,
,,,,
,,,,
,,,,
,,,,
,,,,
,,,,
,,,,
,,,,
,,,,
,,,,
,,,,
,,,,
,,,,
,,,,
,,,,
,,,,
,,,,
,,,,
,,,,
,,,,
,,,,
,,,,
,,,,
,,,,
,,,,
,,,,
,,,,
,,,,
,,,,
,,,,
,,,,
,,,,
,,,,
,,,,
,,,,
,,,,
,,,,
,,,,
,,,,
,,,,
,,,,
,,,,
,,,,
,,,,
,,,,
,,,,
,,,,
,,,,
,,,,
,,,,
,,,,
,,,,
,,,,
,,,,
,,,,
,,,,
,,,,
,,,,
,,,,
,,,,
,,,,
,,,,
,,,,
,,,,
,,,,
,,,,
,,,,
,,,,
,,,,
,,,,
,,,,
,,,,
,,,,
,,,,
,,,,
,,,,
,,,,
,,,,
,,,,
,,,,
,,,,
,,,,
,,,,
,,,,
,,,,
,,,,
,,,,
,,,,
,,,,
,,,,
,,,,
,,,,
,,,,
,,,,
,,,,
,,,,
,,,,
,,,,
,,,,
,,,,
,,,,
,,,,
,,,,
,,,,
,,,,
,,,,
,,,,
,,,,
,,,,
,,,,
,,,,
,,,,
,,,,
,,,,
,,,,
,,,,
,,,,
,,,,
,,,,
,,,,
,,,,
,,,,
,,,,
,,,,
,,,,
,,,,
,,,,
,,,,
,,,,
,,,,
,,,,
,,,,
,,,,
,,,,
,,,,
,,,,
,,,,
,,,,
,,,,
,,,,
,,,,
,,,,
,,,,
,,,,
,,,,
,,,,
,,,,
,,,,
,,,,
,,,,
,,,,
,,,,
,,,,
,,,,
,,,,
,,,,
,,,,
,,,,
,,,,
,,,,
,,,,
,,,,
,,,,
,,,,
,,,,
,,,,
,,,,
,,,,
,,,,
,,,,
,,,,
,,,,
,,,,
,,,,
,,,,
,,,,
,,,,
,,,,
,,,,
,,,,
,,,,
,,,,
,,,,
,,,,
,,,,
,,,,
,,,,
,,,,
,,,,
,,,,
,,,,
,,,,
,,,,
,,,,
,,,,
,,,,
,,,,
,,,,
,,,,
,,,,
,,,,
,,,,
,,,,
,,,,
,,,,
,,,,
,,,,
,,,,
,,,,
,,,,
,,,,
,,,,
,,,,
,,,,
,,,,
,,,,
,,,,
,,,,
,,,,
,,,,
,,,,
,,,,
,,,,
,,,,
,,,,
,,,,
,,,,
,,,,
,,,,
,,,,
,,,,
,,,,
,,,,
,,,,
,,,,
,,,,
,,,,
,,,,
,,,,
,,,,
,,,,
,,,,
,,,,
,,,,
,,,,
,,,,
,,,,
,,,,
,,,,
,,,,
,,,,
,,,,
,,,,
,,,,
,,,,
,,,,
,,,,
,,,,
,,,,
,,,,
,,,,
,,,,
,,,,
,,,,
,,,,
,,,,
,,,,
,,,,
,,,,
,,,,
,,,,
,,,,
,,,,
,,,,
,,,,
,,,,
,,,,
,,,,
,,,,
,,,,
,,,,
,,,,
,,,,
,,,,
,,,,
,,,,
,,,,
,,,,
,,,,
,,,,
,,,,
,,,,
,,,,
,,,,
,,,,
,,,,
,,,,
,,,,
,,,,
,,,,
,,,,
,,,,
,,,,
,,,,
,,,,
,,,,
,,,,
,,,,
,,,,
,,,,
,,,,
,,,,
,,,,
,,,,
,,,,
,,,,
,,,,
,,,,
,,,,
,,,,
,,,,
,,,,
,,,,
,,,,
,,,,
,,,,
,,,,
,,,,
,,,,
,,,,
,,,,
,,,,
,,,,
,,,,
,,,,
,,,,
,,,,
,,,,
,,,,
,,,,
,,,,
,,,,
,,,,
,,,,
,,,,
,,,,
,,,,
,,,,
,,,,
,,,,
,,,,
,,,,
,,,,
,,,,
,,,,
,,,,
,,,,
,,,,
,,,,
,,,,
,,,,
,,,,
,,,,
,,,,
,,,,
,,,,
,,,,
,,,,
,,,,
,,,,
,,,,
,,,,
,,,,
,,,,
,,,,
,,,,
,,,,
,,,,
,,,,
,,,,
,,,,
,,,,
,,,,
,,,,
,,,,
,,,,
,,,,
,,,,
,,,,
,,,,
,,,,
,,,,
,,,,
,,,,
,,,,
,,,,
,,,,
,,,,
,,,,
,,,,
,,,,
,,,,
,,,,
,,,,
,,,,
,,,,
,,,,
,,,,
,,,,
,,,,
,,,,
,,,,
,,,,
,,,,
,,,,
,,,,
,,,,
,,,,
,,,,
,,,,
,,,,
,,,,
,,,,
,,,,
,,,,
,,,,
,,,,
,,,,
,,,,
,,,,
,,,,
,,,,
,,,,
,,,,
,,,,
,,,,
,,,,
,,,,
,,,,
,,,,
,,,,
,,,,
,,,,
,,,,
,,,,
,,,,
,,,,
,,,,
,,,,
,,,,
,,,,
,,,,
,,,,
,,,,
,,,,
,,,,
,,,,
,,,,
,,,,
,,,,
,,,,
,,,,
,,,,
,,,,
,,,,
,,,,
,,,,
,,,,
,,,,
,,,,
,,,,
,,,,
,,,,
,,,,
,,,,
,,,,
,,,,
,,,,
,,,,
,,,,
,,,,
,,,,
,,,,
,,,,
,,,,
,,,,
,,,,
,,,,
,,,,
,,,,
,,,,
,,,,
,,,,
,,,,
,,,,
,,,,
,,,,
,,,,
,,,,
,,,,
,,,,
,,,,
,,,,
,,,,
,,,,
,,,,
,,,,
,,,,
,,,,
,,,,
,,,,
,,,,
,,,,
,,,,
,,,,
,,,,
,,,,
,,,,
,,,,
,,,,
,,,,
,,,,
,,,,
,,,,
,,,,
,,,,
,,,,
,,,,
,,,,
,,,,
,,,,
,,,,
,,,,
,,,,
,,,,
,,,,
,,,,
,,,,
,,,,
,,,,
,,,,
,,,,
,,,,
,,,,
,,,,
,,,,
,,,,
,,,,
,,,,
,,,,
,,,,
,,,,
,,,,
,,,,
,,,,
,,,,
,,,,
,,,,
,,,,
,,,,
,,,,
,,,,
,,,,
,,,,
,,,,
,,,,
,,,,
,,,,
,,,,
,,,,
,,,,
,,,,
,,,,
,,,,
,,,,
,,,,
,,,,
,,,,
,,,,
,,,,
,,,,
,,,,
,,,,
,,,,
,,,,
,,,,
,,,,
,,,,
,,,,
,,,,
,,,,
,,,,
,,,,
,,,,
,,,,
,,,,
,,,,
,,,,
,,,,
,,,,
,,,,
,,,,
,,,,
,,,,
,,,,
,,,,
,,,,
,,,,
,,,,
,,,,
,,,,
,,,,
,,,,
,,,,
,,,,
,,,,
,,,,
,,,,
,,,,
,,,,
,,,,
,,,,
,,,,
,,,,
,,,,
,,,,
,,,,
,,,,
,,,,
,,,,
,,,,
,,,,
,,,,
,,,,
,,,,
,,,,
,,,,
,,,,
,,,,
,,,,
,,,,
,,,,
,,,,
,,,,
,,,,
,,,,
,,,,
,,,,
,,,,
,,,,
,,,,
,,,,
,,,,
,,,,
,,,,
,,,,
,,,,
,,,,
,,,,
,,,,
,,,,
,,,,
,,,,
,,,,
,,,,
,,,,
,,,,
,,,,
,,,,
,,,,
,,,,
,,,,
,,,,
,,,,
,,,,
,,,,
,,,,
,,,,
,,,,
,,,,
,,,,
,,,,
,,,,
,,,,
,,,,
,,,,
,,,,
,,,,
,,,,
,,,,
,,,,
,,,,
,,,,
,,,,
,,,,
,,,,
,,,,
,,,,
,,,,
,,,,
,,,,
,,,,
,,,,
,,,,
,,,,
,,,,
,,,,
,,,,
,,,,
,,,,
,,,,
,,,,
,,,,
,,,,
,,,,
,,,,
,,,,
,,,,
,,,,
,,,,
,,,,
,,,,
,,,,
,,,,
,,,,
,,,,
,,,,
,,,,
,,,,
,,,,
,,,,
,,,,
,,,,
,,,,
,,,,
,,,,
,,,,
,,,,
,,,,
,,,,
,,,,
,,,,
,,,,
,,,,
,,,,
,,,,
,,,,
,,,,
,,,,
,,,,
,,,,
,,,,
,,,,
,,,,
,,,,
,,,,
,,,,
,,,,
,,,,
,,,,
,,,,
,,,,
,,,,
,,,,
,,,,
,,,,
,,,,
,,,,
,,,,
,,,,
,,,,
,,,,
,,,,
,,,,
,,,,
,,,,
,,,,
,,,,
,,,,
,,,,
,,,,
,,,,
,,,,
,,,,
,,,,
,,,,
,,,,
,,,,
,,,,
,,,,
,,,,
,,,,
,,,,
,,,,
,,,,
,,,,
,,,,
,,,,
,,,,
,,,,
,,,,
,,,,
,,,,
,,,,
,,,,
,,,,
,,,,
,,,,
,,,,
,,,,
,,,,
,,,,
,,,,
,,,,
,,,,
,,,,
,,,,
,,,,
,,,,
,,,,
,,,,
,,,,
,,,,
,,,,
,,,,
,,,,
,,,,
,,,,
,,,,
,,,,
,,,,
,,,,
,,,,
,,,,
,,,,
,,,,
,,,,
,,,,
,,,,
,,,,
,,,,
,,,,
,,,,
,,,,
,,,,
,,,,
,,,,
,,,,
,,,,
,,,,
,,,,
,,,,
,,,,
,,,,
,,,,
,,,,
,,,,
,,,,
,,,,
,,,,
,,,,
,,,,
,,,,
,,,,
,,,,
,,,,
,,,,
,,,,
,,,,
,,,,
,,,,
,,,,
,,,,
,,,,
,,,,
,,,,
,,,,
,,,,
,,,,
,,,,
,,,,
,,,,
,,,,
,,,,
,,,,
,,,,
,,,,
,,,,
,,,,
,,,,
,,,,
,,,,
,,,,
,,,,
,,,,
,,,,
,,,,
,,,,
,,,,
,,,,
,,,,
,,,,
,,,,
,,,,
,,,,
,,,,
,,,,
,,,,
,,,,
,,,,
,,,,
,,,,
,,,,
,,,,
,,,,
,,,,
,,,,
,,,,
,,,,
,,,,
,,,,
,,,,
,,,,
,,,,
,,,,
,,,,
,,,,
,,,,
,,,,
,,,,
,,,,
,,,,
,,,,
,,,,
,,,,
,,,,
,,,,
,,,,
,,,,
,,,,
,,,,
,,,,
,,,,
,,,,
,,,,
,,,,
,,,,
,,,,
,,,,
,,,,
,,,,
,,,,
,,,,
,,,,
,,,,
,,,,
,,,,
,,,,
,,,,
,,,,
,,,,
,,,,
,,,,
,,,,
,,,,
,,,,
,,,,
,,,,
,,,,
,,,,
,,,,
,,,,
,,,,
,,,,
,,,,
,,,,
,,,,
,,,,
,,,,
,,,,
,,,,
,,,,
,,,,
,,,,
,,,,
,,,,
,,,,
,,,,
,,,,
,,,,
,,,,
,,,,
,,,,
,,,,
,,,,
,,,,
,,,,
,,,,
,,,,
,,,,
,,,,
,,,,
,,,,
,,,,
,,,,
,,,,
,,,,
,,,,
,,,,
,,,,
,,,,
,,,,
,,,,
,,,,
,,,,
,,,,
,,,,
,,,,
,,,,
,,,,
,,,,
,,,,
,,,,
,,,,
,,,,
,,,,
,,,,
,,,,
,,,,
,,,,
,,,,
,,,,
,,,,
,,,,
,,,,
,,,,
,,,,
,,,,
,,,,
,,,,
,,,,
,,,,
,,,,
,,,,
,,,,
,,,,
,,,,
,,,,
,,,,
,,,,
,,,,
,,,,
,,,,
,,,,
,,,,
,,,,
,,,,
,,,,
,,,,
,,,,
,,,,
,,,,
,,,,
,,,,
,,,,
,,,,
,,,,
,,,,
,,,,
,,,,
,,,,
,,,,
,,,,
,,,,
,,,,
,,,,
,,,,
,,,,
,,,,
,,,,
,,,,
,,,,
,,,,
,,,,
,,,,
,,,,
,,,,
,,,,
,,,,
,,,,
,,,,
,,,,
,,,,
,,,,
,,,,
,,,,
,,,,
,,,,
,,,,
,,,,
,,,,
,,,,
,,,,
,,,,
,,,,
,,,,
,,,,
,,,,
,,,,
,,,,
,,,,
,,,,
,,,,
,,,,
,,,,
,,,,
,,,,
,,,,
,,,,
,,,,
,,,,
,,,,
,,,,
,,,,
,,,,
,,,,
,,,,
,,,,
,,,,
,,,,
,,,,
,,,,
,,,,
,,,,
,,,,
,,,,
,,,,
,,,,
,,,,
,,,,
,,,,
,,,,
,,,,
,,,,
,,,,
,,,,
,,,,
,,,,
,,,,
,,,,
,,,,
,,,,
,,,,
,,,,
,,,,
,,,,
,,,,
,,,,
,,,,
,,,,
,,,,
,,,,
,,,,
,,,,
,,,,
,,,,
,,,,
,,,,
,,,,
,,,,
,,,,
,,,,
,,,,
,,,,
,,,,
,,,,
,,,,
,,,,
,,,,
,,,,
,,,,
,,,,
,,,,
,,,,
,,,,
,,,,
,,,,
,,,,
,,,,
,,,,
,,,,
,,,,
,,,,
,,,,
,,,,
,,,,
,,,,
,,,,
,,,,
,,,,
,,,,
,,,,
,,,,
,,,,
,,,,
,,,,
,,,,
,,,,
,,,,
,,,,
,,,,
,,,,
,,,,
,,,,
,,,,
,,,,
,,,,
,,,,
,,,,
,,,,
,,,,
,,,,
,,,,
,,,,
,,,,
,,,,
,,,,
,,,,
,,,,
,,,,
,,,,
,,,,
,,,,
,,,,
,,,,
,,,,
,,,,
,,,,
,,,,
,,,,
,,,,
,,,,
,,,,
,,,,
,,,,
,,,,
,,,,
,,,,
,,,,
,,,,
,,,,
,,,,
,,,,
,,,,
,,,,
,,,,
,,,,
,,,,
,,,,
,,,,
,,,,
,,,,
,,,,
,,,,
,,,,
,,,,
,,,,
,,,,
,,,,
,,,,
,,,,
,,,,
,,,,
,,,,
,,,,
,,,,
,,,,
,,,,
,,,,
,,,,
,,,,
,,,,
,,,,
,,,,
,,,,
,,,,
,,,,
,,,,
,,,,
,,,,
,,,,
,,,,
,,,,
,,,,
,,,,
,,,,
,,,,
,,,,
,,,,
,,,,
,,,,
,,,,
,,,,
,,,,
,,,,
,,,,
,,,,
,,,,
,,,,
,,,,
,,,,
,,,,
,,,,
,,,,
,,,,
,,,,
,,,,
,,,,
,,,,
,,,,
,,,,
,,,,
,,,,
,,,,
,,,,
,,,,
,,,,
,,,,
,,,,
,,,,
,,,,
,,,,
,,,,
,,,,
,,,,
,,,,
,,,,
,,,,
,,,,
,,,,
,,,,
,,,,
,,,,
,,,,
,,,,
,,,,
,,,,
,,,,
,,,,
,,,,
,,,,
,,,,
,,,,
,,,,
,,,,
,,,,
,,,,
,,,,
,,,,
,,,,
,,,,
,,,,
,,,,
,,,,
,,,,
,,,,
,,,,
,,,,
,,,,
,,,,
,,,,
,,,,
,,,,
,,,,
,,,,
,,,,
,,,,
,,,,
,,,,
,,,,
,,,,
,,,,
,,,,
,,,,
,,,,
,,,,
,,,,
,,,,
,,,,
,,,,
,,,,
,,,,
,,,,
,,,,
,,,,
,,,,
,,,,
,,,,
,,,,
,,,,
,,,,
,,,,
,,,,
,,,,
,,,,
,,,,
,,,,
,,,,
,,,,
,,,,
,,,,
,,,,
,,,,
,,,,
,,,,
,,,,
,,,,
,,,,
,,,,
,,,,
,,,,
,,,,
,,,,
,,,,
,,,,
,,,,
,,,,
,,,,
,,,,
,,,,
,,,,
,,,,
,,,,
,,,,
,,,,
,,,,
,,,,
,,,,
,,,,
,,,,
,,,,
,,,,
,,,,
,,,,
,,,,
,,,,
,,,,
,,,,
,,,,
,,,,
,,,,
,,,,
,,,,
,,,,
,,,,
,,,,
,,,,
,,,,
,,,,
,,,,
,,,,
,,,,
,,,,
,,,,
,,,,
,,,,
,,,,
,,,,
,,,,
,,,,
,,,,
,,,,
,,,,
,,,,
,,,,
,,,,
,,,,
,,,,
,,,,
,,,,
,,,,
,,,,
,,,,
,,,,
,,,,
,,,,
,,,,
,,,,
,,,,
,,,,
,,,,
,,,,
,,,,
,,,,
,,,,
,,,,
,,,,
,,,,
,,,,
,,,,
,,,,
,,,,
,,,,
,,,,
,,,,
,,,,
,,,,
,,,,
,,,,
,,,,
,,,,
,,,,
,,,,
,,,,
,,,,
,,,,
,,,,
,,,,
,,,,
,,,,
,,,,
,,,,
,,,,
,,,,
,,,,
,,,,
,,,,
,,,,
,,,,
,,,,
,,,,
,,,,
,,,,
,,,,
,,,,
,,,,
,,,,
,,,,
,,,,
,,,,
,,,,
,,,,
,,,,
,,,,
,,,,
,,,,
,,,,
,,,,
,,,,
,,,,
,,,,
,,,,
,,,,
,,,,
,,,,
,,,,
,,,,
,,,,
,,,,
,,,,
,,,,
,,,,
,,,,
,,,,
